5909610031,F
5909610247,F
5909610296,F
5909610312,F
5909610361,F
5909610379,F
5909610387,F
5909610395,F
5909610411,F
5909610429,F
5909610437,F
5909610452,F
5909610460,F
5909610494,F
5909610536,F
5909610544,F
5909610577,F
5909610601,F
5909610627,F
5909610643,F
5909610650,F
5909610700,F
5909610726,F
5909610734,F
5909610742,F
5909610759,F
5909680018,F
5909680026,F
5909680034,F
5909680042,F
5909680059,F
5909680067,F
5909680083,F
5909680091,F
5909680109,F
5909680117,F
5909680125,F
